{"cameraMode":{"drawMode":0,"name":"Shaded","section":"Shading Mode"},"sceneLighting":true,"audioPlay":false,"sceneViewState":{"showFog":true,"showMaterialUpdate":false,"showSkybox":true,"showFlares":true,"showImageEffects":true,"showParticleSystems":true},"in2DMode":false,"pivot":{"x":0.07393419742584229,"y":-2.198399543762207,"z":-15.903660774230957},"rotation":{"x":-0.001485444139689207,"y":0.9959457516670227,"z":-0.08837255090475083,"w":-0.016738131642341615},"size":23.16412353515625,"orthographic":false}